<?xml version="1.0" encoding="UTF-8"?>
<beans xmlns="http://www.springframework.org/schema/beans" xmlns:xsi="http://www.w3.org/2001/XMLSchema-instance"
       xmlns:mvc="http://www.springframework.org/schema/mvc"
       xmlns:context="http://www.springframework.org/schema/context"
       xmlns:jee="http://www.springframework.org/schema/jee"
       xmlns:jpa="http://www.springframework.org/schema/data/jpa"
       xmlns:tx="http://www.springframework.org/schema/tx"
       xsi:schemaLocation="http://www.springframework.org/schema/beans http://www.springframework.org/schema/beans/spring-beans-3.0.xsd
                           http://www.springframework.org/schema/context http://www.springframework.org/schema/context/spring-context-3.0.xsd
                           http://www.springframework.org/schema/tx http://www.springframework.org/schema/tx/spring-tx-3.0.xsd
                           http://www.springframework.org/schema/jee http://www.springframework.org/schema/jee/spring-jee-3.0.xsd
                           http://www.springframework.org/schema/mvc http://www.springframework.org/schema/mvc/spring-mvc-3.0.xsd
                           http://www.springframework.org/schema/data/jpa http://www.springframework.org/schema/data/jpa/spring-jpa-1.0.xsd
                           http://www.springframework.org/schema/context http://www.springframework.org/schema/task/spring-context-3.0.xsd">

    <!-- JPA Configurations -->
    <jee:jndi-lookup id="myContactDataSource" jndi-name="jdbc/tomcatDataSource" lookup-on-startup="false"
                     proxy-interface="javax.sql.DataSource"/>

    <bean id="transactionManager" class="org.springframework.orm.jpa.JpaTransactionManager"/>

    <tx:annotation-driven transaction-manager="transactionManager"/>

    <bean class="org.springframework.orm.jpa.support.PersistenceAnnotationBeanPostProcessor"/>
    <bean id="entityManagerFactory" class="org.springframework.orm.jpa.LocalContainerEntityManagerFactoryBean">
        <property name="persistenceProviderClass" value="org.hibernate.ejb.HibernatePersistence"/>
        <property name="dataSource" ref="myContactDataSource"/>
        <property name="persistenceUnitName" value="tracking"/>
        <property name="persistenceXmlLocation" value="classpath:META-INF/persistence.xml" />

    </bean>

    <!-- Spring Data -->
    <jpa:repositories base-package="com.tma.gbst.repository"
                      entity-manager-factory-ref="entityManagerFactory"
                      transaction-manager-ref="transactionManager"/>
</beans>