<?xml version="1.0" encoding="UTF-8"?>
<beans xmlns="http://www.springframework.org/schema/beans"
       xmlns:xsi="http://www.w3.org/2001/XMLSchema-instance"
       xmlns:security="http://www.springframework.org/schema/security"
       xsi:schemaLocation="http://www.springframework.org/schema/beans http://www.springframework.org/schema/beans/spring-beans.xsd
       http://www.springframework.org/schema/security http://www.springframework.org/schema/security/spring-security.xsd">

    <security:global-method-security secured-annotations="enabled" />

    <security:http auto-config="true" use-expressions="true" access-denied-page="/login?error=403">

        <security:intercept-url pattern="/" access="permitAll" />
        <security:intercept-url pattern="/protected/**" access="isAuthenticated()" />

        <security:form-login login-page="/login" authentication-failure-url="/login?error=403" default-target-url="/protected/home" />

        <security:logout invalidate-session="true" logout-success-url="/login" logout-url="/logout" />
    </security:http>

    <security:authentication-manager>
        <security:authentication-provider>
            <security:jdbc-user-service
                    data-source-ref="myContactDataSource"
                    users-by-username-query="select email, password, enabled from user where email = ?"
                    authorities-by-username-query="select u.email as login, u.user_role as role from user u where u.email = ?" />
        </security:authentication-provider>
    </security:authentication-manager>
</beans>