<?xml version="1.0" encoding="UTF-8"?>
<beans xmlns="http://www.springframework.org/schema/beans" xmlns:xsi="http://www.w3.org/2001/XMLSchema-instance"
       xmlns:mvc="http://www.springframework.org/schema/mvc"
       xsi:schemaLocation="http://www.springframework.org/schema/beans http://www.springframework.org/schema/beans/spring-beans-3.0.xsd
                           http://www.springframework.org/schema/mvc http://www.springframework.org/schema/mvc/spring-mvc-3.0.xsd">

    <mvc:annotation-driven/>
    <mvc:default-servlet-handler/>

    <!-- Login Interceptor -->
    <mvc:interceptors>
        <mvc:interceptor>
            <mvc:mapping path="/protected/**"/>
            <bean class="com.tma.gbst.interceptor.LoginInterceptor"/>
        </mvc:interceptor>
        <!-- workaround to fix IE8 problem -->
        <bean id="webContentInterceptor"
              class="org.springframework.web.servlet.mvc.WebContentInterceptor">
            <property name="cacheSeconds" value="0"/>
            <property name="useExpiresHeader" value="true"/>
            <property name="useCacheControlHeader" value="true"/>
            <property name="useCacheControlNoStore" value="true"/>
        </bean>
    </mvc:interceptors>

    <!-- TILES -->
    <bean id="tilesConfigurer" class="org.springframework.web.servlet.view.tiles2.TilesConfigurer">
        <property name="definitions">
            <list>
                <value>/WEB-INF/tiles.xml</value>
            </list>
        </property>
        <property name="preparerFactoryClass"
                  value="org.springframework.web.servlet.view.tiles2.SpringBeanPreparerFactory"/>
    </bean>

    <!-- i18n -->
    <bean id="messageSource" class="org.springframework.context.support.ReloadableResourceBundleMessageSource">
        <property name="basename" value="WEB-INF/i18n"/>
        <property name="defaultEncoding" value="UTF-8"/>
        <property name="useCodeAsDefaultMessage" value="true"/>
    </bean>
    <bean id="localeResolver" class="org.springframework.web.servlet.i18n.FixedLocaleResolver">
        <property name="defaultLocale" value="en"/>
    </bean>

    <!-- View Handler -->
    <bean class="org.springframework.web.servlet.view.ContentNegotiatingViewResolver">
        <property name="favorPathExtension" value="true"/>
        <property name="mediaTypes">
            <map>
                <entry key="xml" value="text/xml"/>
                <entry key="json" value="application/json"/>
                <entry key="html" value="text/html"/>
                <entry key="less" value="text/html"/>
            </map>
        </property>
        <property name="viewResolvers">
            <list>
                <bean class="org.springframework.web.servlet.view.UrlBasedViewResolver">
                    <property name="viewClass" value="org.springframework.web.servlet.view.tiles2.TilesView"/>
                </bean>
                <bean class="org.springframework.web.servlet.view.InternalResourceViewResolver">
                    <property name="prefix" value="/"/>
                </bean>
            </list>
        </property>
    </bean>
    <bean class="org.springframework.web.servlet.mvc.annotation.AnnotationMethodHandlerAdapter">
        <property name="messageConverters">
            <list>
                <bean class="org.springframework.http.converter.json.MappingJacksonHttpMessageConverter"/>
                <bean class="org.springframework.http.converter.xml.Jaxb2RootElementHttpMessageConverter"/>
            </list>
        </property>
    </bean>

</beans>